<keymap version="1" name="Default copy" parent="$default">
  <action id="$Delete">
    <keyboard-shortcut first-keystroke="delete" />
    <keyboard-shortcut first-keystroke="alt s" />
  </action>
  <action id="AutoIndentLines" />
  <action id="BuildArtifact">
    <keyboard-shortcut first-keystroke="alt a" />
  </action>
  <action id="ChangesView.Move" />
  <action id="CloseContent">
    <mouse-shortcut keystroke="control button3" />
    <keyboard-shortcut first-keystroke="ctrl w" />
  </action>
  <action id="Diff.ShowSettingsPopup" />
  <action id="Editor Delete">
    <keyboard-shortcut first-keystroke="alt s" />
  </action>
  <action id="EditorContextInfo" />
  <action id="EditorDeleteLine">
    <keyboard-shortcut first-keystroke="ctrl y" />
    <keyboard-shortcut first-keystroke="alt q" />
    <keyboard-shortcut first-keystroke="alt d" />
  </action>
  <action id="EditorLineEnd">
    <keyboard-shortcut first-keystroke="end" />
    <keyboard-shortcut first-keystroke="alt e" />
  </action>
  <action id="EditorScrollToCenter" />
  <action id="EditorSelectWord">
    <keyboard-shortcut first-keystroke="alt w" />
  </action>
  <action id="ExtractMethod" />
  <action id="FindUsages">
    <keyboard-shortcut first-keystroke="alt f7" />
    <keyboard-shortcut first-keystroke="ctrl q" />
  </action>
  <action id="FixDocComment">
    <keyboard-shortcut first-keystroke="shift ctrl d" />
  </action>
  <action id="GotoAction">
    <keyboard-shortcut first-keystroke="shift ctrl q" />
  </action>
  <action id="Hotswap">
    <keyboard-shortcut first-keystroke="alt f5" />
  </action>
  <action id="ImportModule">
    <keyboard-shortcut first-keystroke="ctrl alt i" />
  </action>
  <action id="JProfiler.ShowInJProfilerThis.Popup" />
  <action id="LoadUnloadModules">
    <keyboard-shortcut first-keystroke="ctrl alt m" />
  </action>
  <action id="QuickEvaluateExpression">
    <keyboard-shortcut first-keystroke="ctrl alt f8" />
    <mouse-shortcut keystroke="alt button3" />
  </action>
  <action id="QuickJavaDoc">
    <mouse-shortcut keystroke="alt button2" />
    <mouse-shortcut keystroke="alt button1" />
  </action>
  <action id="Resume" />
  <action id="RevealIn">
    <keyboard-shortcut first-keystroke="shift alt e" />
  </action>
  <action id="RunToCursor">
    <keyboard-shortcut first-keystroke="f9" />
  </action>
  <action id="Scala.ShowImplicits">
    <keyboard-shortcut first-keystroke="shift ctrl alt equals" />
    <keyboard-shortcut first-keystroke="shift ctrl alt add" />
  </action>
  <action id="SetShortcutAction">
    <keyboard-shortcut first-keystroke="alt enter" />
  </action>
  <action id="UpdateRunningApplication" />
  <action id="Vcs.MoveChangedLinesToChangelist" />
  <action id="ViewMainMenu">
    <keyboard-shortcut first-keystroke="shift alt m" />
  </action>
  <action id="android.deploy.ApplyChanges">
    <keyboard-shortcut first-keystroke="ctrl f10" />
  </action>
  <action id="android.deploy.CodeSwap">
    <keyboard-shortcut first-keystroke="ctrl alt f10" />
  </action>
</keymap>