<application>
  <component name="AndroidLogcatFilterHistory">
    <option name="mostRecentlyUsed" value="package:mine SubtitleExtractTaskModule" />
    <option name="nonFavorites">
      <list>
        <option value="package:mine SubtitleExtractTaskModule" />
        <option value="package:mine " />
        <option value="package:mine video onload event:" />
        <option value="package:mine  not consecutive" />
        <option value="package:mine  " />
        <option value="package:mine  RangeDownloader" />
        <option value="package:mine  create new DownloadTrack" />
        <option value="package:mine create " />
        <option value="package:mine parse html" />
        <option value="package:mine chromium" />
        <option value="package:mine create" />
        <option value="package:mine need redirect to" />
        <option value="package:mine HTMLJSInjector" />
        <option value="package:mine need intercept:" />
        <option value="package:mine ProxyUtils" />
        <option value="package:mine 走代理" />
        <option value="package:mine 走代理了" />
        <option value="package:mine detect encoding cost (ms):" />
        <option value="package:mine is redirect" />
        <option value="package:mine doUpdateVisitedHistory" />
      </list>
    </option>
  </component>
</application>