<application>
  <component name="com.intellij.ide.ui.customization.CustomActionsSchema">
    <group value="RunToCursor" is_action="true" action_type="1" position="10">
      <path value="root" />
      <path value="Debug Header Toolbar" />
      <option name="myInitialPosition" value="-1" />
    </group>
    <group value="EvaluateExpression" is_action="true" action_type="1" position="11">
      <path value="root" />
      <path value="Debug Header Toolbar" />
      <option name="myInitialPosition" value="-1" />
    </group>
  </component>
</application>