<application>
  <component name="FileTypeManager" version="18">
    <extensionMap>
      <mapping pattern="Jenkinsfile" type="Groovy" />
      <mapping pattern="jenkinsfile" type="Groovy" />
      <mapping pattern="acticityGoodsProps" type="PLAIN_TEXT" />
      <mapping pattern="LICENSE" type="PLAIN_TEXT" />
      <mapping pattern="application.yaml" type="PLAIN_TEXT" />
      <mapping pattern="acticityGoodsProp" type="PLAIN_TEXT" />
      <mapping pattern="123" type="PLAIN_TEXT" />
      <mapping pattern="Jenkinsfile2" type="PLAIN_TEXT" />
      <mapping ext="bas" type="PLAIN_TEXT" />
      <mapping ext="lombok" type="PLAIN_TEXT" />
      <mapping ext="dsad" type="PLAIN_TEXT" />
      <mapping ext="bin" type="PLAIN_TEXT" />
      <mapping ext="lock" type="PLAIN_TEXT" />
      <mapping ext="pem" type="PLAIN_TEXT" />
      <mapping ext="serverprovider" type="PLAIN_TEXT" />
      <mapping ext="svnprops" type="PLAIN_TEXT" />
      <mapping ext="factories" type="PLAIN_TEXT" />
      <mapping ext="factries" type="PLAIN_TEXT" />
      <removed_mapping ext="apk" approved="true" type="ARCHIVE" />
      <removed_mapping ext="cmd" approved="true" type="Cmd" />
      <removed_mapping ext="log" approved="true" type="PLAIN_TEXT" />
      <removed_mapping ext="pdf" approved="true" type="Native" />
      <removed_mapping ext="psd" approved="true" type="Image" />
      <removed_mapping pattern="111" approved="true" type="PLAIN_TEXT" />
      <removed_mapping pattern="msgBattleData.proto" approved="true" type="PLAIN_TEXT" />
      <mapping pattern="*.js.flow" type="Flow" />
    </extensionMap>
  </component>
</application>