<application>
  <component name="ActionMacroManager">
    <macro name="123">
      <action id="EditorDown" />
      <action id="EditorDown" />
      <action id="EditorDown" />
    </macro>
    <macro name="skip3">
      <action id="EditorNextWord" />
      <action id="EditorNextWord" />
      <action id="EditorNextWord" />
    </macro>
    <macro name="aaa">
      <action id="EditorNextWord" />
      <action id="EditorScrollDown" />
      <action id="EditorNextWord" />
      <action id="EditorNextWord" />
    </macro>
  </component>
</application>