<application>
  <component name="UISettings">
    <option name="ACTIVATE_MRU_EDITOR_ON_CLOSE" value="true" />
    <option name="CONSOLE_CYCLE_BUFFER_SIZE_KB" value="20000" />
    <option name="EDITOR_TAB_LIMIT" value="20" />
    <option name="MAX_LOOKUP_LIST_HEIGHT" value="22" />
    <option name="MAX_LOOKUP_WIDTH2" value="1001" />
    <option name="MERGE_EQUAL_STACKTRACES" value="false" />
    <option name="OVERRIDE_CONSOLE_CYCLE_BUFFER_SIZE" value="true" />
    <option name="OVERRIDE_NONIDEA_LAF_FONTS" value="true" />
    <option name="smoothScrolling" value="false" />
  </component>
</application>