<application>
  <component name="UpdatesConfigurable">
    <option name="CHECK_NEEDED" value="false" />
    <ignoredBuildNumbers>
      <item value="193.7288.26" />
      <item value="193.6911.18" />
    </ignoredBuildNumbers>
    <option name="LAST_BUILD_CHECKED" value="AI-232.10227.8.2321.11479570" />
    <option name="LAST_TIME_CHECKED" value="1718447066522" />
    <option name="OBSOLETE_CUSTOM_REPOSITORIES_CLEAN_NEEDED" value="false" />
    <option name="THIRD_PARTY_PLUGINS_ALLOWED" value="true" />
    <option name="WHATS_NEW_SHOWN_FOR" value="233" />
  </component>
</application>